Date Sold,Price (USD),Source,"Days Relative to Championship+FMVP (Jun 17, 2024)",Period
2024-06-14,169.98,eBay - mainelybasketballcards,-3,
2024-06-14,173,eBay - brbych_22,-3,
2024-06-15,162.5,eBay - cohab-8,-2,
2024-06-16,143.5,eBay - (unlisted seller),-1,
2024-06-17,175,eBay - ve_263540,0,
2024-06-17,175,eBay - yourcardsforsale,0,
2024-06-17,160,eBay - cardsoftheyear,0,
2024-06-17,175,eBay - flubbssportscards,0,
2024-06-17,182.5,eBay - dcsports87,0,
2024-06-18,169.98,eBay - (unlisted seller),1,
2024-06-19,118,eBay - sz-485,2,
2024-06-19,122.99,eBay - easyland,2,
2024-06-19,124.99,eBay - pma-262,2,
2024-06-20,99,eBay - (unlisted seller),3,
2024-06-22,103.81,eBay - denibeni1,5,
2024-06-23,111,eBay - ham406,6,
2024-06-23,145,eBay - breakersbad_sportscards,6,
2024-06-25,140.5,eBay - thecitycard,8,
2024-06-25,144.5,eBay - murozond,8,
2024-06-26,125,eBay - (unlisted seller),9,
2024-06-26,110.5,eBay - cblbl.ch.o8prkoc,9,
2024-06-30,106.5,eBay - murozond,13,
2024-06-30,145.99,eBay - (unlisted seller),13,
2024-07-01,100,eBay - wrentoown21,14,
2024-07-03,76,eBay - (unlisted seller),16,
2024-07-08,99,eBay - comc_consignment,21,
2024-07-09,96,eBay - graberfive,22,
