Date Sold,Price (USD),Platform,Seller,Sale Type,"Days Relative to ECF Clinch (May 31, 2025)",Period
2025-05-25,375,eBay,cdtodd72,Auction,-6,
2025-05-25,415,eBay,cardboardriley,Fixed Price,-6,
2025-05-28,409.99,eBay,lumoor-76,Best Offer,-3,
2025-05-28,395,eBay,bigzebes,Auction,-3,
2025-05-29,305,eBay,murozond,Auction,-2,
2025-05-29,397.49,eBay,slabsharksinc,Auction,-2,
2025-05-31,415,eBay,sportscardsnow7,Best Offer,0,
2025-05-31,435,eBay,b-and-b-cards-757,Best Offer,0,
2025-06-01,454,eBay,comc_consignment,Auction,1,
2025-06-01,380,eBay,,Best Offer,1,
2025-06-02,350,eBay,,Auction,2,
2025-06-05,425,eBay,cardsoholic,Fixed Price,5,
2025-06-05,425,eBay,ammal4697,Best Offer,5,
2025-06-05,330,eBay,,Auction,5,
2025-06-05,375,Fanatics,,Fixed Price,5,
2025-06-05,355,eBay,x5pence,Auction,5,
2025-06-05,345,eBay,jobr840417,Auction,5,
2025-06-06,420,eBay,big z's sports cards,Fixed Price,6,
