Date Sold,Price (USD),Platform,Seller,Sale Type,"Days Relative to Championship (Jun 22, 2025)",Period
2025-06-15,1100,eBay,matszibe0,Fixed Price,-7,
2025-06-16,1186,eBay,,Auction,-6,
2025-06-16,1150,eBay,sportsgraffs,Auction,-6,
2025-06-17,905,eBay,flypatrick0303,Best Offer,-5,
2025-06-18,1100,eBay,it's just a garage sale,Auction,-4,
2025-06-19,1101,eBay,beaudinicardsandcomics,Auction,-3,
2025-06-21,950,eBay,,Auction,-1,
2025-06-21,1026,eBay,,Auction,-1,
2025-06-22,1199.69,eBay,,Best Offer,0,
2025-06-22,1150,eBay,t.t._cards,Auction,0,
2025-06-22,980,eBay,tjo28,Best Offer,0,
2025-06-23,1300,eBay,the24hourpartypeople,Best Offer,1,
2025-06-29,1150,eBay,jennareece2009,Auction,7,
2025-06-30,960,eBay,mstuka,Auction,8,
2025-07-05,1111,eBay,dcsports87,Auction,13,
2025-07-06,863,eBay,,Auction,14,
2025-07-06,1136,eBay,jamerican22,Auction,14,
2025-07-06,1100,eBay,psa,Best Offer,14,
2025-07-10,934.52,Goldin,,Auction,18,
2025-07-11,1000,eBay,bizzynj,Best Offer,19,
2025-07-13,1060,eBay,jennareece2009,Auction,21,
2025-07-15,900,eBay,flypatrick0303 (dup listing),Auction,23,
2025-07-16,875.01,eBay,dcsports87,Auction,24,
2025-07-19,910,eBay,mstuka,Auction,27,
