Date,Price (USD),Days Relative to Event,Period,Source
2025-06-21,950,-1,,eBay - (unlisted)
2025-06-21,1026,-1,,eBay - (unlisted)
2025-06-22,1199.69,0,,eBay - (unlisted)
2025-06-22,1150,0,,eBay - t.t._cards
2025-06-22,980,0,,eBay - tjo28
2025-06-23,1300,1,,eBay - the24hourpartypeople
2025-06-29,1150,7,,eBay - jennareece2009
2025-06-30,960,8,,eBay - mstuka
2025-07-05,1111,13,,eBay - dcsports87
2025-07-13,1060,21,,eBay - jennareece2009
2025-07-19,910,27,,eBay - mstuka
2025-08-29,949,68,,eBay - kp2cards
2025-08-29,925,68,,eBay - (unlisted)
2025-08-31,888.99,70,,eBay - dcsports87
2025-09-25,900,95,,eBay - (unlisted)
2025-09-25,841,95,,Alt
2025-09-25,840,95,,Alt
2025-10-15,861.77,115,,eBay - psa
2025-10-20,1000,120,,eBay - sportsnut cards
