Date,Price (USD),Narrative Stage,Source
2025-02-13,930,Regular season,eBay - jerhutc-70
2025-02-23,1350,Regular season,eBay - kecon7760
2025-04-13,1251,Late regular season,eBay - comc_consignment
2025-04-16,1170,Late regular season,eBay - dcsports87
2025-04-19,998.88,Playoffs Rd1 underway (vs MEM),eBay - (unlisted)
2025-04-21,1269.69,Playoffs Rd1 underway (vs MEM),eBay - murozond
2025-04-22,1399.99,Playoffs Rd1 underway (vs MEM),eBay - furuwaka59
2025-05-18,1289,WCF vs MIN underway,Fanatics Weekly
2025-05-19,1175,WCF vs MIN underway,Fanatics Buy Now
2025-05-20,1085,WCF vs MIN underway,eBay - mat925722
2025-05-24,1338,"WCF vs MIN, up 3-1",eBay - murozond collection
2025-05-26,1372,"WCF vs MIN, up 3-1, pre-G5",Fanatics Buy Now
2025-05-27,1300,"WCF vs MIN, up 3-1, pre-G5",eBay - (unlisted)
2025-05-29,1200,"WCF CLINCHED (G5, advance to Finals)",eBay - psa
2025-05-29,1175,"WCF CLINCHED (G5, advance to Finals)",eBay - coltscloset4
2025-06-01,1290,"Post-WCF-clinch, pre-Finals",Fanatics Weekly
2025-06-03,1175,"Post-WCF-clinch, pre-Finals",eBay - davmcin-81
2025-06-04,1126,FINALS GAME 1 window (Jun 5),eBay - (unlisted)
2025-06-07,1250,Finals early (up 1-0/2-0),eBay - chribon2091
2025-06-07,1115,Finals early (up 1-0/2-0),eBay - morals99
2025-06-15,1100,Finals mid-series,eBay - matszibe0
2025-06-16,1186,Finals mid-series,eBay - (unlisted)
2025-06-16,1150,Finals mid-series,eBay - sportsgraffs
2025-06-17,905,Finals mid-series,eBay - flypatrick0303
2025-06-18,1100,Finals mid-series,eBay - it's just a garage sale
2025-06-19,1101,Finals mid-series,eBay - beaudinicardsandcomics
2025-06-21,950,"Finals, up 3-3 (pre-G7)",eBay - (unlisted)
2025-06-21,1026,"Finals, up 3-3 (pre-G7)",eBay - (unlisted)
2025-06-22,1199.69,CHAMPIONSHIP CLINCHED (Game 7),eBay - (unlisted)
2025-06-22,1150,CHAMPIONSHIP CLINCHED (Game 7),eBay - t.t._cards
2025-06-22,980,CHAMPIONSHIP CLINCHED (Game 7),eBay - tjo28
2025-06-23,1300,Post-championship,eBay - the24hourpartypeople
2025-06-29,1150,Post-championship,eBay - jennareece2009
2025-06-30,960,Post-championship,eBay - mstuka
2025-07-05,1111,Post-championship (offseason),eBay - dcsports87
2025-07-13,1060,Post-championship (offseason),eBay - jennareece2009
2025-07-19,910,Post-championship (offseason),eBay - mstuka
