Date Sold,Price (USD),Platform,Seller,"Days Relative to Championship (Jun 17, 2024)",Period
2024-06-16,141,eBay,mandsportscards,-1,
2024-06-16,122.5,eBay,teeman1965,-1,
2024-06-16,141,eBay,abigcardsfan,-1,
2024-06-16,135,eBay,bkleker,-1,
2024-06-17,123.57,eBay,curveballsportscards,0,
2024-06-17,130.5,eBay,woodsonch,0,
2024-06-17,123.5,eBay,careyrs26,0,
2024-06-17,152.5,eBay,careyrs26,0,
2024-06-20,110.5,eBay,murozond,3,
2024-06-20,110.5,eBay,murozond,3,
2024-06-20,123,eBay,slabsharksinc,3,
2024-06-23,103,eBay,slabsharksinc,6,
2024-06-23,107.5,eBay,lcb_fl,6,
2024-06-23,102.5,eBay,galaxy1guy,6,
2024-06-23,110,eBay,duckpondbreaks,6,
2024-06-24,113.5,eBay,murozond,7,
2024-06-24,104,eBay,murozond,7,
2024-06-24,106.5,eBay,murozond,7,
2024-06-24,112.5,eBay,murozond,7,
2024-06-25,100,eBay,murozond,8,
2024-06-25,101,eBay,murozond,8,
2024-06-25,111.5,eBay,pc_sportscards,8,
2024-06-27,112.5,eBay,,10,
2024-06-30,108.49,eBay,atomicsportscards,13,
2024-06-30,144,Fanatics Weekly,,13,
2024-07-02,101.99,eBay,,15,
2024-07-02,100,eBay,jhavird,15,
2024-07-03,102.5,eBay,official.pmk,16,
2024-07-03,100,eBay,breakersbad_sportscards,16,
2024-07-04,111.87,eBay,slabsharksinc,17,
2024-07-05,100,eBay,anhei_1830,18,
2024-07-06,144,eBay,pizzapgh,19,
2024-07-06,107.5,eBay,comonkidd,19,
2024-07-07,110,eBay,,20,
2024-07-11,107.5,eBay,official.pmk,24,
2024-07-11,137.5,eBay,official.pmk,24,
2024-07-12,92,eBay,r.e.d.s.r.i.p.n.s.h.i.p,25,
2024-07-13,120.5,eBay,,26,
2024-07-13,117.5,eBay,tull_068,26,
2024-07-14,130.01,eBay,ashsmal_80,27,
2024-07-14,168,Fanatics Weekly,,27,
2024-07-14,168,Fanatics Weekly,,27,
2024-07-14,107.5,eBay,trahi7711.vgrugbah,27,
2024-07-14,117,eBay,bcox402,27,
2024-07-15,92,eBay,savagesales315,28,
